"          Number of Firms, Number of Establishments, Employment, and Annual Payroll by Enterprise Employment Size for the United States and States, Totals:  2008",,,,,,,,,,
,,,,,,,,,,
"SOURCE: 2008 County Business Patterns.  For information on confidentiality protection, sampling error, nonsampling error, and definitions, see http://www.census.gov/econ/susb/methodology.html",,,,,,,,,,
,,ENTERPRISE,,,,,ANNUAL,ANNUAL,,
FIPS,,EMPLOYMENT ,NUMBER,NUMBER OF,,EMPLOYMENT,PAYROLL,PAYROLL,,
CODE,AREA DESCRIPTION, SIZE,OF FIRMS,ESTABLISHMENTS,EMPLOYMENT,NOISE FLAG,"($1,000)",NOISE FLAG,,
99,United States,1:   Total,"5,930,132","7,601,169","120,903,551",G,"5,130,509,178",G,,
99,United States,2:   0-4,"3,617,764","3,624,614","6,086,291",G,"232,062,907",G,,
99,United States,3:   5-9,"1,044,065","1,056,947","6,878,051",G,"222,504,912",G,,
99,United States,4:   10-19,"633,141","667,463","8,497,391",G,"293,534,352",G,,
99,United States,5:   <20,"5,294,970","5,349,024","21,461,733",G,"748,102,171",G,,
99,United States,6:   20-99,"526,307","705,430","20,684,691",G,"774,589,335",G,,
99,United States,7:   100-499,"90,386","359,902","17,547,567",G,"706,476,693",G,,
99,United States,8:   <500,"5,911,663","6,414,356","59,693,991",G,"2,229,168,199",G,,
99,United States,9:   500+,"18,469","1,186,813","61,209,560",G,"2,901,340,979",G,,
01,Alabama,1:   Total,"79,812","103,875","1,714,692",G,"59,827,325",G,,
01,Alabama,2:   0-4,"43,194","43,259","80,104",G,"2,419,258",G,,
01,Alabama,3:   5-9,"15,160","15,349","100,066",G,"2,791,861",G,,
01,Alabama,4:   10-19,"9,107","9,588","121,129",G,"3,623,405",G,,
01,Alabama,5:   <20,"67,461","68,196","301,299",G,"8,834,524",G,,
01,Alabama,6:   20-99,"7,987","10,723","297,858",G,"9,652,355",G,,
01,Alabama,7:   100-499,"2,017","5,503","247,136",G,"8,472,136",G,,
01,Alabama,8:   <500,"77,465","84,422","846,293",G,"26,959,015",G,,
01,Alabama,9:   500+,"2,347","19,453","868,399",G,"32,868,310",G,,
02,Alaska,1:   Total,"16,529","19,934","248,387",G,"12,113,049",G,,
02,Alaska,2:   0-4,"10,029","10,049","15,238",H,"717,380",G,,
02,Alaska,3:   5-9,"2,802","2,846","18,511",G,"702,159",G,,
02,Alaska,4:   10-19,"1,662","1,823","22,077",G,"912,131",G,,
02,Alaska,5:   <20,"14,493","14,718","55,826",G,"2,331,670",G,,
02,Alaska,6:   20-99,"1,172","1,711","41,209",G,"1,814,435",G,,
02,Alaska,7:   100-499,316,"1,017","35,987",G,"1,593,795",G,,
02,Alaska,8:   <500,"15,981","17,446","133,022",G,"5,739,900",G,,
02,Alaska,9:   500+,548,"2,488","115,365",G,"6,373,149",G,,
04,Arizona,1:   Total,"109,823","140,081","2,334,061",G,"89,799,018",G,,
04,Arizona,2:   0-4,"64,447","64,568","104,115",G,"4,207,062",G,,
04,Arizona,3:   5-9,"17,851","18,042","117,705",G,"3,586,390",G,,
04,Arizona,4:   10-19,"11,399","11,826","151,618",G,"4,742,176",G,,
04,Arizona,5:   <20,"93,697","94,436","373,438",G,"12,535,628",G,,
04,Arizona,6:   20-99,"10,293","12,711","382,771",G,"12,623,249",G,,
04,Arizona,7:   100-499,"2,813","6,886","338,058",G,"11,977,795",G,,
04,Arizona,8:   <500,"106,803","114,033","1,094,267",G,"37,136,672",G,,
04,Arizona,9:   500+,"3,020","26,048","1,239,794",G,"52,662,346",G,,
05,Arkansas,1:   Total,"52,699","66,668","1,026,005",G,"33,809,713",G,,
05,Arkansas,2:   0-4,"30,010","30,034","51,807",G,"1,536,677",G,,
05,Arkansas,3:   5-9,"9,624","9,701","63,218",G,"1,616,835",G,,
05,Arkansas,4:   10-19,"5,580","5,860","73,640",G,"2,018,889",G,,
05,Arkansas,5:   <20,"45,214","45,595","188,665",G,"5,172,401",G,,
05,Arkansas,6:   20-99,"4,632","6,433","169,552",G,"4,766,425",G,,
05,Arkansas,7:   100-499,"1,189","3,601","143,855",G,"4,371,402",G,,
05,Arkansas,8:   <500,"51,035","55,629","502,072",G,"14,310,228",G,,
05,Arkansas,9:   500+,"1,664","11,039","523,933",G,"19,499,485",G,,
06,California,1:   Total,"717,133","879,025","13,742,925",G,"659,926,263",G,,
06,California,2:   0-4,"434,466","435,269","723,010",G,"35,083,422",G,,
06,California,3:   5-9,"123,345","124,809","812,028",G,"29,027,641",G,,
06,California,4:   10-19,"74,972","78,457","1,002,297",G,"37,885,075",G,,
06,California,5:   <20,"632,783","638,535","2,537,335",G,"101,996,138",G,,
06,California,6:   20-99,"65,362","82,053","2,509,871",G,"102,935,981",G,,
06,California,7:   100-499,"13,168","38,041","1,986,743",G,"89,973,740",G,,
06,California,8:   <500,"711,313","758,629","7,033,949",G,"294,905,859",G,,
06,California,9:   500+,"5,820","120,396","6,708,976",G,"365,020,404",G,,
08,Colorado,1:   Total,"130,297","156,684","2,121,718",G,"91,175,156",G,,
08,Colorado,2:   0-4,"83,112","83,207","127,672",H,"4,996,636",G,,
08,Colorado,3:   5-9,"19,698","19,883","129,831",G,"4,369,670",G,,
08,Colorado,4:   10-19,"11,848","12,302","157,198",G,"5,593,079",G,,
08,Colorado,5:   <20,"114,658","115,392","414,701",G,"14,959,385",G,,
08,Colorado,6:   20-99,"10,017","12,454","362,551",G,"13,618,589",G,,
08,Colorado,7:   100-499,"2,589","6,030","277,417",G,"11,809,857",G,,
08,Colorado,8:   <500,"127,264","133,876","1,054,669",G,"40,387,831",G,,
08,Colorado,9:   500+,"3,033","22,808","1,067,049",G,"50,787,325",G,,
09,Connecticut,1:   Total,"75,842","92,597","1,551,305",G,"82,768,724",G,,
09,Connecticut,2:   0-4,"42,525","42,577","74,798",G,"3,363,222",G,,
09,Connecticut,3:   5-9,"13,532","13,669","88,577",G,"3,556,029",G,,
09,Connecticut,4:   10-19,"8,559","8,886","113,206",G,"5,091,685",G,,
09,Connecticut,5:   <20,"64,616","65,132","276,581",G,"12,010,936",G,,
09,Connecticut,6:   20-99,"7,189","8,728","264,029",G,"12,906,296",G,,
09,Connecticut,7:   100-499,"1,974","4,532","239,203",G,"12,608,826",G,,
09,Connecticut,8:   <500,"73,779","78,392","779,813",G,"37,526,058",G,,
09,Connecticut,9:   500+,"2,063","14,205","771,492",G,"45,242,666",G,,
10,Delaware,1:   Total,"20,364","25,174","389,510",G,"17,566,447",G,,
10,Delaware,2:   0-4,"11,172","11,193","18,098",G,"694,196",G,,
10,Delaware,3:   5-9,"3,131","3,167","20,535",G,"686,873",G,,
10,Delaware,4:   10-19,"2,013","2,115","26,770",G,"934,687",G,,
10,Delaware,5:   <20,"16,316","16,475","65,403",G,"2,315,756",G,,
10,Delaware,6:   20-99,"1,891","2,400","66,233",G,"2,532,502",G,,
10,Delaware,7:   100-499,715,"1,291","50,869",G,"2,103,117",G,,
10,Delaware,8:   <500,"18,922","20,166","182,505",G,"6,951,375",G,,
10,Delaware,9:   500+,"1,442","5,008","207,005",G,"10,615,072",G,,
11,District of Columbia,1:   Total,"16,865","21,081","466,050",G,"30,292,302",G,,
11,District of Columbia,2:   0-4,"7,932","7,945","14,202",G,"982,327",G,,
11,District of Columbia,3:   5-9,"2,740","2,757","17,911",G,"1,037,874",G,,
11,District of Columbia,4:   10-19,"1,805","1,852","23,583",G,"1,400,995",G,,
11,District of Columbia,5:   <20,"12,477","12,554","55,696",G,"3,421,196",G,,
11,District of Columbia,6:   20-99,"2,187","2,469","75,171",G,"4,334,427",G,,
11,District of Columbia,7:   100-499,963,"1,445","87,437",G,"4,988,467",G,,
11,District of Columbia,8:   <500,"15,627","16,468","218,304",G,"12,744,090",G,,
11,District of Columbia,9:   500+,"1,238","4,613","247,746",G,"17,548,212",G,,
12,Florida,1:   Total,"414,799","507,027","7,366,571",G,"267,429,672",G,,
12,Florida,2:   0-4,"281,649","282,098","446,406",H,"15,969,201",G,,
12,Florida,3:   5-9,"61,177","61,711","400,160",G,"12,883,768",G,,
12,Florida,4:   10-19,"33,904","35,296","448,754",G,"14,916,584",G,,
12,Florida,5:   <20,"376,730","379,105","1,295,320",G,"43,769,553",G,,
12,Florida,6:   20-99,"27,114","33,603","1,010,251",G,"34,993,322",G,,
12,Florida,7:   100-499,"6,495","17,356","854,824",G,"31,408,251",G,,
12,Florida,8:   <500,"410,339","430,064","3,160,395",G,"110,171,126",G,,
12,Florida,9:   500+,"4,460","76,963","4,206,176",G,"157,258,546",G,,
13,Georgia,1:   Total,"179,576","227,593","3,633,431",G,"142,779,694",G,,
13,Georgia,2:   0-4,"108,496","108,679","178,649",H,"6,456,452",G,,
13,Georgia,3:   5-9,"29,082","29,354","191,039",G,"5,964,620",G,,
13,Georgia,4:   10-19,"17,858","18,567","237,778",G,"7,733,624",G,,
13,Georgia,5:   <20,"155,436","156,600","607,466",G,"20,154,696",G,,
13,Georgia,6:   20-99,"15,920","19,620","580,402",G,"19,777,345",G,,
13,Georgia,7:   100-499,"4,218","10,032","466,351",G,"17,530,967",G,,
13,Georgia,8:   <500,"175,574","186,252","1,654,219",G,"57,463,008",G,,
13,Georgia,9:   500+,"4,002","41,341","1,979,212",G,"85,316,686",G,,
15,Hawaii,1:   Total,"26,360","32,904","518,168",G,"18,539,010",G,,
15,Hawaii,2:   0-4,"14,509","14,556","25,781",G,"951,874",G,,
15,Hawaii,3:   5-9,"4,876","4,951","32,022",G,"1,024,143",G,,
15,Hawaii,4:   10-19,"2,894","3,077","38,661",G,"1,244,128",G,,
15,Hawaii,5:   <20,"22,279","22,584","96,464",G,"3,220,145",G,,
15,Hawaii,6:   20-99,"2,524","3,446","94,807",G,"3,173,911",G,,
15,Hawaii,7:   100-499,675,"2,011","91,141",G,"3,249,557",G,,
15,Hawaii,8:   <500,"25,478","28,041","282,412",G,"9,643,613",G,,
15,Hawaii,9:   500+,882,"4,863","235,756",G,"8,895,397",G,,
16,Idaho,1:   Total,"39,368","46,246","537,952",G,"17,574,245",G,,
16,Idaho,2:   0-4,"23,770","23,804","38,284",H,"1,162,350",G,,
16,Idaho,3:   5-9,"6,621","6,672","43,705",G,"1,132,180",G,,
16,Idaho,4:   10-19,"3,980","4,159","52,272",G,"1,427,369",G,,
16,Idaho,5:   <20,"34,371","34,635","134,261",G,"3,721,899",G,,
16,Idaho,6:   20-99,"3,093","4,170","109,034",G,"3,212,068",G,,
16,Idaho,7:   100-499,739,"2,041","69,789",G,"2,141,697",G,,
16,Idaho,8:   <500,"38,203","40,846","313,084",G,"9,075,664",G,,
16,Idaho,9:   500+,"1,165","5,400","224,868",G,"8,498,581",G,,
17,Illinois,1:   Total,"260,225","321,942","5,464,130",G,"250,538,255",G,,
17,Illinois,2:   0-4,"155,837","156,079","252,294",G,"10,517,069",G,,
17,Illinois,3:   5-9,"42,602","43,070","279,777",G,"9,853,543",G,,
17,Illinois,4:   10-19,"26,574","27,696","353,162",G,"13,593,511",G,,
17,Illinois,5:   <20,"225,013","226,845","885,233",G,"33,964,123",G,,
17,Illinois,6:   20-99,"24,523","30,410","919,062",G,"37,736,032",G,,
17,Illinois,7:   100-499,"6,233","15,323","798,415",G,"35,037,605",G,,
17,Illinois,8:   <500,"255,769","272,578","2,602,710",G,"106,737,760",G,,
17,Illinois,9:   500+,"4,456","49,364","2,861,420",G,"143,800,495",G,,
18,Indiana,1:   Total,"115,466","150,101","2,619,140",G,"94,838,015",G,,
18,Indiana,2:   0-4,"63,401","63,498","111,167",G,"3,415,794",G,,
18,Indiana,3:   5-9,"21,016","21,235","138,237",G,"3,821,200",G,,
18,Indiana,4:   10-19,"13,312","14,003","178,256",G,"5,276,082",G,,
18,Indiana,5:   <20,"97,729","98,736","427,660",G,"12,513,076",G,,
18,Indiana,6:   20-99,"11,698","15,463","436,640",G,"14,083,974",G,,
18,Indiana,7:   100-499,"3,086","8,745","402,617",G,"14,298,265",G,,
18,Indiana,8:   <500,"112,513","122,944","1,266,917",G,"40,895,315",G,,
18,Indiana,9:   500+,"2,953","27,157","1,352,223",G,"53,942,700",G,,
19,Iowa,1:   Total,"65,015","82,353","1,317,121",G,"45,228,724",G,,
19,Iowa,2:   0-4,"37,067","37,118","62,581",G,"1,823,448",G,,
19,Iowa,3:   5-9,"11,399","11,547","74,809",G,"1,938,288",G,,
19,Iowa,4:   10-19,"7,060","7,539","93,657",G,"2,656,831",G,,
19,Iowa,5:   <20,"55,526","56,204","231,047",G,"6,418,567",G,,
19,Iowa,6:   20-99,"6,066","8,853","227,086",G,"7,051,371",G,,
19,Iowa,7:   100-499,"1,642","5,534","215,965",G,"7,272,440",G,,
19,Iowa,8:   <500,"63,234","70,591","674,098",G,"20,742,378",G,,
19,Iowa,9:   500+,"1,781","11,762","643,023",G,"24,486,346",G,,
20,Kansas,1:   Total,"60,989","76,096","1,185,777",G,"43,984,689",G,,
20,Kansas,2:   0-4,"34,397","34,432","59,535",G,"1,840,909",G,,
20,Kansas,3:   5-9,"10,627","10,736","69,735",G,"1,930,118",G,,
20,Kansas,4:   10-19,"6,506","6,911","86,672",G,"2,628,548",G,,
20,Kansas,5:   <20,"51,530","52,079","215,942",G,"6,399,575",G,,
20,Kansas,6:   20-99,"5,805","7,798","211,853",G,"7,077,641",G,,
20,Kansas,7:   100-499,"1,675","4,596","200,364",G,"6,691,036",G,,
20,Kansas,8:   <500,"59,010","64,473","628,159",G,"20,168,252",G,,
20,Kansas,9:   500+,"1,979","11,623","557,618",G,"23,816,437",G,,
21,Kentucky,1:   Total,"71,510","92,587","1,570,800",G,"54,120,319",G,,
21,Kentucky,2:   0-4,"38,758","38,825","69,279",G,"2,046,796",G,,
21,Kentucky,3:   5-9,"13,202","13,319","87,091",G,"2,304,350",G,,
21,Kentucky,4:   10-19,"8,144","8,531","108,551",G,"3,042,017",G,,
21,Kentucky,5:   <20,"60,104","60,675","264,921",G,"7,393,163",G,,
21,Kentucky,6:   20-99,"7,169","9,513","262,711",G,"8,284,738",G,,
21,Kentucky,7:   100-499,"1,902","5,149","228,483",G,"7,295,964",G,,
21,Kentucky,8:   <500,"69,175","75,337","756,115",G,"22,973,865",G,,
21,Kentucky,9:   500+,"2,335","17,250","814,685",G,"31,146,454",G,,
22,Louisiana,1:   Total,"82,301","104,007","1,655,151",G,"62,392,576",G,,
22,Louisiana,2:   0-4,"44,309","44,368","78,972",G,"2,836,266",G,,
22,Louisiana,3:   5-9,"15,552","15,669","102,452",G,"3,016,176",G,,
22,Louisiana,4:   10-19,"9,719","10,193","129,527",G,"4,057,127",G,,
22,Louisiana,5:   <20,"69,580","70,230","310,951",G,"9,909,569",G,,
22,Louisiana,6:   20-99,"8,592","11,239","330,989",G,"10,916,179",G,,
22,Louisiana,7:   100-499,"2,016","5,220","261,514",G,"9,955,126",G,,
22,Louisiana,8:   <500,"80,188","86,689","903,454",G,"30,780,874",G,,
22,Louisiana,9:   500+,"2,113","17,318","751,697",G,"31,611,702",G,,
23,Maine,1:   Total,"34,942","41,755","509,093",G,"17,684,908",G,,
23,Maine,2:   0-4,"21,513","21,535","34,062",G,"1,128,843",G,,
23,Maine,3:   5-9,"5,794","5,860","38,178",G,"1,095,772",G,,
23,Maine,4:   10-19,"3,383","3,549","44,855",G,"1,318,002",G,,
23,Maine,5:   <20,"30,690","30,944","117,095",G,"3,542,617",G,,
23,Maine,6:   20-99,"2,591","3,502","94,427",G,"3,028,110",G,,
23,Maine,7:   100-499,681,"2,370","87,469",G,"2,921,882",G,,
23,Maine,8:   <500,"33,962","36,816","298,991",G,"9,492,609",G,,
23,Maine,9:   500+,980,"4,939","210,102",G,"8,192,299",G,,
24,Maryland,1:   Total,"112,392","138,607","2,232,490",G,"99,649,640",G,,
24,Maryland,2:   0-4,"64,012","64,078","109,135",G,"4,340,005",G,,
24,Maryland,3:   5-9,"19,489","19,660","127,650",G,"4,507,199",G,,
24,Maryland,4:   10-19,"12,213","12,678","162,377",G,"6,169,170",G,,
24,Maryland,5:   <20,"95,714","96,416","399,162",G,"15,016,374",G,,
24,Maryland,6:   20-99,"11,176","13,660","417,794",G,"17,232,922",G,,
24,Maryland,7:   100-499,"2,803","6,326","342,539",G,"14,793,527",G,,
24,Maryland,8:   <500,"109,693","116,402","1,159,495",G,"47,042,823",G,,
24,Maryland,9:   500+,"2,699","22,205","1,072,995",G,"52,606,817",G,,
25,Massachusetts,1:   Total,"141,843","174,290","3,074,569",G,"161,821,239",G,,
25,Massachusetts,2:   0-4,"81,971","82,129","140,724",G,"6,289,046",G,,
25,Massachusetts,3:   5-9,"24,873","25,144","163,249",G,"6,446,297",G,,
25,Massachusetts,4:   10-19,"15,149","15,792","202,568",G,"8,660,862",G,,
25,Massachusetts,5:   <20,"121,993","123,065","506,541",G,"21,396,205",G,,
25,Massachusetts,6:   20-99,"13,291","16,268","496,186",G,"23,941,756",G,,
25,Massachusetts,7:   100-499,"3,562","8,974","469,363",G,"23,024,491",G,,
25,Massachusetts,8:   <500,"138,846","148,307","1,472,090",G,"68,362,452",G,,
25,Massachusetts,9:   500+,"2,997","25,983","1,602,479",G,"93,458,787",G,,
26,Michigan,1:   Total,"182,606","229,310","3,636,241",G,"147,812,891",G,,
26,Michigan,2:   0-4,"105,618","105,766","177,655",G,"6,402,047",G,,
26,Michigan,3:   5-9,"33,110","33,501","218,159",G,"6,779,766",G,,
26,Michigan,4:   10-19,"19,900","20,886","266,054",G,"8,975,099",G,,
26,Michigan,5:   <20,"158,628","160,153","661,868",G,"22,156,912",G,,
26,Michigan,6:   20-99,"16,976","22,505","645,428",G,"23,649,105",G,,
26,Michigan,7:   100-499,"3,921","11,060","560,573",G,"20,984,305",G,,
26,Michigan,8:   <500,"179,525","193,718","1,867,869",G,"66,790,322",G,,
26,Michigan,9:   500+,"3,081","35,592","1,768,372",G,"81,022,569",G,,
27,Minnesota,1:   Total,"120,950","148,845","2,517,356",G,"109,378,505",G,,
27,Minnesota,2:   0-4,"71,792","71,897","111,691",H,"4,206,754",G,,
27,Minnesota,3:   5-9,"19,410","19,606","128,229",G,"4,004,816",G,,
27,Minnesota,4:   10-19,"12,680","13,309","170,123",G,"5,463,541",G,,
27,Minnesota,5:   <20,"103,882","104,812","410,043",G,"13,675,111",G,,
27,Minnesota,6:   20-99,"11,622","15,228","442,206",G,"15,787,730",G,,
27,Minnesota,7:   100-499,"2,887","8,155","397,712",G,"15,602,088",G,,
27,Minnesota,8:   <500,"118,391","128,195","1,249,961",G,"45,064,929",G,,
27,Minnesota,9:   500+,"2,559","20,650","1,267,395",G,"64,313,576",G,,
28,Mississippi,1:   Total,"47,489","60,918","944,747",G,"29,276,870",G,,
28,Mississippi,2:   0-4,"26,138","26,174","47,847",G,"1,339,385",G,,
28,Mississippi,3:   5-9,"8,954","9,049","58,578",G,"1,445,701",G,,
28,Mississippi,4:   10-19,"5,313","5,588","70,732",G,"1,913,830",G,,
28,Mississippi,5:   <20,"40,405","40,811","177,157",G,"4,698,916",G,,
28,Mississippi,6:   20-99,"4,313","5,730","158,511",G,"4,576,549",G,,
28,Mississippi,7:   100-499,"1,157","3,374","131,317",G,"3,988,044",G,,
28,Mississippi,8:   <500,"45,875","49,915","466,985",G,"13,263,509",G,,
28,Mississippi,9:   500+,"1,614","11,003","477,762",G,"16,013,361",G,,
29,Missouri,1:   Total,"120,145","152,440","2,472,902",G,"93,709,772",G,,
29,Missouri,2:   0-4,"69,960","70,067","119,010",G,"3,523,518",G,,
29,Missouri,3:   5-9,"20,244","20,461","133,112",G,"3,785,608",G,,
29,Missouri,4:   10-19,"12,670","13,225","168,579",G,"5,223,261",G,,
29,Missouri,5:   <20,"102,874","103,753","420,701",G,"12,532,387",G,,
29,Missouri,6:   20-99,"11,577","15,305","432,594",G,"14,141,317",G,,
29,Missouri,7:   100-499,"2,835","8,111","346,829",G,"12,242,686",G,,
29,Missouri,8:   <500,"117,286","127,169","1,200,124",G,"38,916,390",G,,
29,Missouri,9:   500+,"2,859","25,271","1,272,778",G,"54,793,382",G,,
30,Montana,1:   Total,"32,570","37,318","359,812",G,"11,077,819",G,,
30,Montana,2:   0-4,"20,316","20,334","32,552",G,"929,283",G,,
30,Montana,3:   5-9,"5,566","5,608","36,654",G,"935,647",G,,
30,Montana,4:   10-19,"3,146","3,305","41,658",G,"1,083,624",G,,
30,Montana,5:   <20,"29,028","29,247","110,864",G,"2,948,554",G,,
30,Montana,6:   20-99,"2,275","3,081","79,937",G,"2,190,011",G,,
30,Montana,7:   100-499,486,"1,399","55,703",G,"1,767,071",G,,
30,Montana,8:   <500,"31,789","33,727","246,504",G,"6,905,636",G,,
30,Montana,9:   500+,781,"3,591","113,308",G,"4,172,183",G,,
31,Nebraska,1:   Total,"42,302","52,152","805,791",G,"28,239,392",G,,
31,Nebraska,2:   0-4,"24,558","24,599","41,385",H,"1,189,055",G,,
31,Nebraska,3:   5-9,"7,052","7,135","46,211",G,"1,219,804",G,,
31,Nebraska,4:   10-19,"4,458","4,723","58,760",G,"1,626,233",G,,
31,Nebraska,5:   <20,"36,068","36,457","146,356",G,"4,035,092",G,,
31,Nebraska,6:   20-99,"3,803","5,300","140,977",G,"4,437,917",G,,
31,Nebraska,7:   100-499,"1,014","3,071","120,246",G,"3,986,835",G,,
31,Nebraska,8:   <500,"40,885","44,828","407,579",G,"12,459,844",G,,
31,Nebraska,9:   500+,"1,417","7,324","398,212",G,"15,779,548",G,,
32,Nevada,1:   Total,"49,956","61,826","1,156,080",G,"43,761,567",G,,
32,Nevada,2:   0-4,"28,234","28,302","43,752",G,"2,126,769",G,,
32,Nevada,3:   5-9,"7,878","7,963","51,878",G,"1,737,504",G,,
32,Nevada,4:   10-19,"5,153","5,331","67,955",G,"2,300,184",G,,
32,Nevada,5:   <20,"41,265","41,596","163,585",G,"6,164,457",G,,
32,Nevada,6:   20-99,"4,893","5,867","173,060",G,"6,238,906",G,,
32,Nevada,7:   100-499,"1,614","3,244","153,479",G,"5,687,066",G,,
32,Nevada,8:   <500,"47,772","50,707","490,124",G,"18,090,429",G,,
32,Nevada,9:   500+,"2,184","11,119","665,956",G,"25,671,138",G,,
33,New Hampshire,1:   Total,"32,334","38,906","595,384",G,"24,970,440",G,,
33,New Hampshire,2:   0-4,"18,117","18,133","31,160",G,"1,258,048",G,,
33,New Hampshire,3:   5-9,"5,718","5,776","37,529",G,"1,313,260",G,,
33,New Hampshire,4:   10-19,"3,474","3,611","46,233",G,"1,728,780",G,,
33,New Hampshire,5:   <20,"27,309","27,520","114,922",G,"4,300,088",G,,
33,New Hampshire,6:   20-99,"3,048","3,757","108,254",G,"4,232,416",G,,
33,New Hampshire,7:   100-499,789,"1,843","86,795",G,"3,602,279",G,,
33,New Hampshire,8:   <500,"31,146","33,120","309,971",G,"12,134,783",G,,
33,New Hampshire,9:   500+,"1,188","5,786","285,413",G,"12,835,657",G,,
34,New Jersey,1:   Total,"202,600","238,440","3,640,654",G,"185,393,520",G,,
34,New Jersey,2:   0-4,"124,884","125,027","215,666",G,"8,688,890",G,,
34,New Jersey,3:   5-9,"33,589","33,837","219,635",G,"8,287,339",G,,
34,New Jersey,4:   10-19,"19,746","20,405","262,114",G,"11,162,223",G,,
34,New Jersey,5:   <20,"178,219","179,269","697,415",G,"28,138,452",G,,
34,New Jersey,6:   20-99,"17,109","19,693","633,907",G,"28,484,271",G,,
34,New Jersey,7:   100-499,"4,054","8,349","517,460",G,"24,123,175",G,,
34,New Jersey,8:   <500,"199,382","207,311","1,848,782",G,"80,745,898",G,,
34,New Jersey,9:   500+,"3,218","31,129","1,791,872",G,"104,647,622",G,,
35,New Mexico,1:   Total,"37,549","46,200","640,894",G,"22,260,582",G,,
35,New Mexico,2:   0-4,"20,915","20,940","35,732",G,"1,141,453",G,,
35,New Mexico,3:   5-9,"6,528","6,604","43,228",G,"1,212,829",G,,
35,New Mexico,4:   10-19,"4,094","4,253","54,520",G,"1,616,989",G,,
35,New Mexico,5:   <20,"31,537","31,797","133,480",G,"3,971,271",G,,
35,New Mexico,6:   20-99,"3,600","4,531","127,353",G,"4,012,282",G,,
35,New Mexico,7:   100-499,893,"2,342","93,969",G,"3,203,124",G,,
35,New Mexico,8:   <500,"36,030","38,670","354,802",G,"11,186,677",G,,
35,New Mexico,9:   500+,"1,519","7,530","286,092",G,"11,073,905",G,,
36,New York,1:   Total,"443,992","518,632","7,617,164",G,"440,631,852",G,,
36,New York,2:   0-4,"287,840","288,149","474,787",G,"20,228,061",G,,
36,New York,3:   5-9,"69,461","70,009","453,783",G,"17,819,013",G,,
36,New York,4:   10-19,"40,235","41,607","536,167",G,"23,000,362",G,,
36,New York,5:   <20,"397,536","399,765","1,464,737",G,"61,047,436",G,,
36,New York,6:   20-99,"34,343","40,965","1,288,267",G,"62,550,525",G,,
36,New York,7:   100-499,"7,781","19,299","1,189,017",G,"60,040,051",G,,
36,New York,8:   <500,"439,660","460,029","3,942,021",G,"183,638,012",G,,
36,New York,9:   500+,"4,332","58,603","3,675,143",G,"256,993,840",G,,
37,North Carolina,1:   Total,"176,196","225,158","3,585,123",G,"132,400,692",G,,
37,North Carolina,2:   0-4,"101,735","101,863","174,244",G,"5,542,493",G,,
37,North Carolina,3:   5-9,"31,431","31,759","206,597",G,"6,006,682",G,,
37,North Carolina,4:   10-19,"19,130","20,086","254,692",G,"7,646,713",G,,
37,North Carolina,5:   <20,"152,296","153,708","635,533",G,"19,195,888",G,,
37,North Carolina,6:   20-99,"16,627","21,622","611,363",G,"19,222,236",G,,
37,North Carolina,7:   100-499,"3,809","11,070","475,662",G,"16,441,286",G,,
37,North Carolina,8:   <500,"172,732","186,400","1,722,558",G,"54,859,410",G,,
37,North Carolina,9:   500+,"3,464","38,758","1,862,565",G,"77,541,282",G,,
38,North Dakota,1:   Total,"17,922","21,558","304,906",G,"10,054,513",G,,
38,North Dakota,2:   0-4,"10,053","10,064","16,663",G,"494,959",G,,
38,North Dakota,3:   5-9,"3,008","3,046","19,819",G,"529,170",G,,
38,North Dakota,4:   10-19,"1,972","2,111","26,226",G,"737,252",G,,
38,North Dakota,5:   <20,"15,033","15,221","62,708",G,"1,761,381",G,,
38,North Dakota,6:   20-99,"1,726","2,454","62,390",G,"1,904,876",G,,
38,North Dakota,7:   100-499,456,"1,283","53,896",G,"1,604,197",G,,
38,North Dakota,8:   <500,"17,215","18,958","178,994",G,"5,270,454",G,,
38,North Dakota,9:   500+,707,"2,600","125,912",G,"4,784,059",G,,
39,Ohio,1:   Total,"199,647","263,761","4,728,416",G,"182,093,270",G,,
39,Ohio,2:   0-4,"107,847","108,091","190,509",G,"6,275,579",G,,
39,Ohio,3:   5-9,"37,927","38,369","251,048",G,"7,343,731",G,,
39,Ohio,4:   10-19,"23,751","25,123","317,375",G,"10,045,579",G,,
39,Ohio,5:   <20,"169,525","171,583","758,932",G,"23,664,889",G,,
39,Ohio,6:   20-99,"21,252","27,998","808,701",G,"27,887,280",G,,
39,Ohio,7:   100-499,"5,053","14,736","707,146",G,"25,602,868",G,,
39,Ohio,8:   <500,"195,830","214,317","2,274,779",G,"77,155,037",G,,
39,Ohio,9:   500+,"3,817","49,444","2,453,637",G,"104,938,233",G,,
40,Oklahoma,1:   Total,"73,310","91,382","1,335,622",G,"47,993,796",G,,
40,Oklahoma,2:   0-4,"42,567","42,626","73,580",H,"2,353,621",G,,
40,Oklahoma,3:   5-9,"12,929","13,054","84,802",G,"2,403,654",G,,
40,Oklahoma,4:   10-19,"7,575","7,926","100,902",G,"3,024,115",G,,
40,Oklahoma,5:   <20,"63,071","63,606","259,284",G,"7,781,390",G,,
40,Oklahoma,6:   20-99,"6,619","8,715","247,811",G,"7,888,790",G,,
40,Oklahoma,7:   100-499,"1,623","4,662","207,602",G,"6,990,255",G,,
40,Oklahoma,8:   <500,"71,313","76,983","714,697",G,"22,660,435",G,,
40,Oklahoma,9:   500+,"1,997","14,399","620,925",G,"25,333,361",G,,
41,Oregon,1:   Total,"92,335","111,550","1,482,968",G,"56,824,167",G,,
41,Oregon,2:   0-4,"54,487","54,536","91,235",G,"2,849,935",G,,
41,Oregon,3:   5-9,"16,187","16,343","106,760",G,"2,958,947",G,,
41,Oregon,4:   10-19,"9,811","10,252","130,382",G,"3,835,188",G,,
41,Oregon,5:   <20,"80,485","81,131","328,377",G,"9,644,070",G,,
41,Oregon,6:   20-99,"7,867","10,390","287,567",G,"9,885,292",G,,
41,Oregon,7:   100-499,"1,887","5,848","222,467",G,"7,970,250",G,,
41,Oregon,8:   <500,"90,239","97,369","838,411",G,"27,499,612",G,,
41,Oregon,9:   500+,"2,096","14,181","644,557",G,"29,324,555",G,,
42,Pennsylvania,1:   Total,"237,055","303,115","5,231,026",G,"215,783,820",G,,
42,Pennsylvania,2:   0-4,"133,107","133,311","237,205",G,"7,924,733",G,,
42,Pennsylvania,3:   5-9,"43,818","44,251","288,476",G,"8,909,025",G,,
42,Pennsylvania,4:   10-19,"26,729","28,071","356,999",G,"12,233,563",G,,
42,Pennsylvania,5:   <20,"203,654","205,633","882,680",G,"29,067,321",G,,
42,Pennsylvania,6:   20-99,"23,848","30,366","901,676",G,"33,359,139",G,,
42,Pennsylvania,7:   100-499,"5,570","15,421","783,058",G,"29,986,729",G,,
42,Pennsylvania,8:   <500,"233,072","251,420","2,567,414",G,"92,413,189",G,,
42,Pennsylvania,9:   500+,"3,983","51,695","2,663,612",G,"123,370,631",G,,
44,Rhode Island,1:   Total,"25,818","29,759","433,562",G,"17,468,919",G,,
44,Rhode Island,2:   0-4,"15,006","15,031","25,300",H,"914,842",G,,
44,Rhode Island,3:   5-9,"4,282","4,314","28,083",G,"920,722",G,,
44,Rhode Island,4:   10-19,"2,654","2,751","35,568",G,"1,190,958",G,,
44,Rhode Island,5:   <20,"21,942","22,096","88,951",G,"3,026,522",G,,
44,Rhode Island,6:   20-99,"2,255","2,601","82,476",G,"3,061,052",G,,
44,Rhode Island,7:   100-499,627,"1,444","71,459",G,"2,649,909",G,,
44,Rhode Island,8:   <500,"24,824","26,141","242,886",G,"8,737,483",G,,
44,Rhode Island,9:   500+,994,"3,618","190,676",G,"8,731,436",H,,
45,South Carolina,1:   Total,"83,427","106,678","1,654,414",G,"55,089,431",G,,
45,South Carolina,2:   0-4,"46,865","46,935","82,479",G,"2,655,768",G,,
45,South Carolina,3:   5-9,"15,267","15,470","100,570",G,"2,721,946",G,,
45,South Carolina,4:   10-19,"9,176","9,638","121,987",G,"3,500,571",G,,
45,South Carolina,5:   <20,"71,308","72,043","305,036",G,"8,878,285",G,,
45,South Carolina,6:   20-99,"7,765","9,992","282,831",G,"8,439,232",G,,
45,South Carolina,7:   100-499,"1,990","5,290","221,975",G,"6,855,845",G,,
45,South Carolina,8:   <500,"81,063","87,325","809,842",G,"24,173,362",G,,
45,South Carolina,9:   500+,"2,364","19,353","844,572",G,"30,916,069",G,,
46,South Dakota,1:   Total,"21,797","25,689","337,816",G,"10,608,240",G,,
46,South Dakota,2:   0-4,"12,428","12,442","20,560",G,"591,742",G,,
46,South Dakota,3:   5-9,"3,838","3,879","25,353",G,"613,944",G,,
46,South Dakota,4:   10-19,"2,369","2,518","31,184",G,"805,697",G,,
46,South Dakota,5:   <20,"18,635","18,839","77,097",G,"2,011,383",G,,
46,South Dakota,6:   20-99,"1,880","2,570","68,754",G,"1,974,354",G,,
46,South Dakota,7:   100-499,542,"1,641","62,228",G,"1,942,450",G,,
46,South Dakota,8:   <500,"21,057","23,050","208,079",G,"5,928,187",G,,
46,South Dakota,9:   500+,740,"2,639","129,737",H,"4,680,053",H,,
47,Tennessee,1:   Total,"102,398","136,585","2,492,746",G,"90,853,613",G,,
47,Tennessee,2:   0-4,"55,082","55,218","101,018",G,"3,313,912",G,,
47,Tennessee,3:   5-9,"19,049","19,262","125,932",G,"3,687,511",G,,
47,Tennessee,4:   10-19,"11,866","12,511","158,175",G,"5,016,074",G,,
47,Tennessee,5:   <20,"85,997","86,991","385,125",G,"12,017,497",G,,
47,Tennessee,6:   20-99,"10,476","13,526","386,663",G,"13,494,933",G,,
47,Tennessee,7:   100-499,"2,866","7,616","346,415",G,"12,734,536",G,,
47,Tennessee,8:   <500,"99,339","108,133","1,118,203",G,"38,246,966",G,,
47,Tennessee,9:   500+,"3,059","28,452","1,374,543",G,"52,606,647",G,,
48,Texas,1:   Total,"396,412","522,336","9,231,955",G,"394,696,044",G,,
48,Texas,2:   0-4,"226,937","227,392","393,884",G,"16,672,843",G,,
48,Texas,3:   5-9,"71,004","71,837","466,629",G,"15,565,770",G,,
48,Texas,4:   10-19,"44,558","46,816","594,816",G,"20,595,958",G,,
48,Texas,5:   <20,"342,499","346,045","1,455,329",G,"52,834,571",G,,
48,Texas,6:   20-99,"39,337","50,833","1,499,596",G,"54,740,216",G,,
48,Texas,7:   100-499,"9,174","25,393","1,290,296",G,"52,821,447",G,,
48,Texas,8:   <500,"391,010","422,271","4,245,221",G,"160,396,234",G,,
48,Texas,9:   500+,"5,402","100,065","4,986,734",G,"234,299,810",G,,
49,Utah,1:   Total,"60,271","71,433","1,114,716",G,"39,438,430",G,,
49,Utah,2:   0-4,"36,451","36,483","54,933",H,"1,948,545",G,,
49,Utah,3:   5-9,"9,314","9,382","61,654",G,"1,710,804",G,,
49,Utah,4:   10-19,"6,142","6,379","81,621",G,"2,351,602",G,,
49,Utah,5:   <20,"51,907","52,244","198,208",G,"6,010,951",G,,
49,Utah,6:   20-99,"5,211","6,503","195,033",G,"6,353,639",G,,
49,Utah,7:   100-499,"1,294","2,892","147,290",G,"5,248,480",G,,
49,Utah,8:   <500,"58,412","61,639","540,531",G,"17,613,070",G,,
49,Utah,9:   500+,"1,859","9,794","574,185",G,"21,825,360",G,,
50,Vermont,1:   Total,"19,282","22,121","272,488",G,"9,467,118",G,,
50,Vermont,2:   0-4,"11,407","11,413","18,885",G,"655,702",G,,
50,Vermont,3:   5-9,"3,343","3,364","21,862",G,"638,837",G,,
50,Vermont,4:   10-19,"1,954","2,052","25,816",G,"780,617",G,,
50,Vermont,5:   <20,"16,704","16,829","66,563",G,"2,075,156",G,,
50,Vermont,6:   20-99,"1,550","2,059","54,183",G,"1,840,199",G,,
50,Vermont,7:   100-499,362,"1,052","43,781",G,"1,581,870",G,,
50,Vermont,8:   <500,"18,616","19,940","164,527",G,"5,497,225",G,,
50,Vermont,9:   500+,666,"2,181","107,961",G,"3,969,893",G,,
51,Virginia,1:   Total,"154,808","197,716","3,184,234",G,"138,926,921",G,,
51,Virginia,2:   0-4,"89,745","89,854","153,742",G,"5,762,146",G,,
51,Virginia,3:   5-9,"26,994","27,259","177,798",G,"5,809,512",G,,
51,Virginia,4:   10-19,"16,736","17,499","223,062",G,"7,973,845",G,,
51,Virginia,5:   <20,"133,475","134,612","554,602",G,"19,545,503",G,,
51,Virginia,6:   20-99,"14,385","18,172","526,659",G,"20,561,834",G,,
51,Virginia,7:   100-499,"3,645","9,654","463,935",G,"20,239,389",G,,
51,Virginia,8:   <500,"151,505","162,438","1,545,196",G,"60,346,726",G,,
51,Virginia,9:   500+,"3,303","35,278","1,639,038",G,"78,580,195",G,,
53,Washington,1:   Total,"150,991","182,207","2,536,645",G,"115,284,564",G,,
53,Washington,2:   0-4,"90,291","90,403","149,792",G,"5,301,084",G,,
53,Washington,3:   5-9,"26,182","26,407","172,440",G,"5,418,725",G,,
53,Washington,4:   10-19,"15,902","16,636","210,926",G,"7,245,845",G,,
53,Washington,5:   <20,"132,375","133,446","533,158",G,"17,965,654",G,,
53,Washington,6:   20-99,"12,691","16,393","463,798",G,"17,821,733",G,,
53,Washington,7:   100-499,"3,112","8,321","373,444",G,"15,978,631",G,,
53,Washington,8:   <500,"148,178","158,160","1,370,400",G,"51,766,018",G,,
53,Washington,9:   500+,"2,813","24,047","1,166,245",G,"63,518,546",G,,
54,West Virginia,1:   Total,"30,873","39,641","592,022",G,"19,168,311",G,,
54,West Virginia,2:   0-4,"16,410","16,455","30,858",G,"762,070",G,,
54,West Virginia,3:   5-9,"6,037","6,111","39,435",G,"925,803",G,,
54,West Virginia,4:   10-19,"3,601","3,796","47,501",G,"1,262,387",G,,
54,West Virginia,5:   <20,"26,048","26,362","117,794",G,"2,950,260",G,,
54,West Virginia,6:   20-99,"2,863","3,968","104,424",G,"3,153,727",G,,
54,West Virginia,7:   100-499,786,"2,235","89,888",G,"2,826,932",G,,
54,West Virginia,8:   <500,"29,697","32,565","312,106",G,"8,930,919",G,,
54,West Virginia,9:   500+,"1,176","7,076","279,916",G,"10,237,392",G,,
55,Wisconsin,1:   Total,"115,003","144,081","2,496,850",G,"95,115,917",G,,
55,Wisconsin,2:   0-4,"63,062","63,162","106,472",G,"3,592,385",G,,
55,Wisconsin,3:   5-9,"20,709","20,948","136,595",G,"3,890,308",G,,
55,Wisconsin,4:   10-19,"13,744","14,406","184,151",G,"5,462,001",G,,
55,Wisconsin,5:   <20,"97,515","98,516","427,218",G,"12,944,694",G,,
55,Wisconsin,6:   20-99,"12,251","16,213","463,166",G,"15,318,982",G,,
55,Wisconsin,7:   100-499,"2,792","8,206","403,976",G,"14,934,812",G,,
55,Wisconsin,8:   <500,"112,558","122,935","1,294,360",G,"43,198,488",G,,
55,Wisconsin,9:   500+,"2,445","21,146","1,202,490",G,"51,917,429",G,,
56,Wyoming,1:   Total,"18,104","20,785","221,971",G,"8,869,219",G,,
56,Wyoming,2:   0-4,"10,636","10,647","17,782",G,"639,052",G,,
56,Wyoming,3:   5-9,"3,170","3,192","20,716",G,"615,548",G,,
56,Wyoming,4:   10-19,"1,860","1,949","24,505",G,"806,284",G,,
56,Wyoming,5:   <20,"15,666","15,788","63,003",G,"2,060,884",G,,
56,Wyoming,6:   20-99,"1,408","1,866","46,619",G,"1,687,164",G,,
56,Wyoming,7:   100-499,387,868,"34,410",G,"1,320,140",G,,
56,Wyoming,8:   <500,"17,461","18,522","144,032",G,"5,068,188",G,,
56,Wyoming,9:   500+,643,"2,263","77,939",G,"3,801,031",G,,
,,,,,,,,,,
,,,,,,,,,,
,,,,,,,,,,
,,,,,,,,,,
,,,,,,,,,,
,,,,,,,,,,
,,,,,,,,,,
,,,,,,,,,,
,,,,,,,,,,
,,,,,,,,,,
,,,,,,,,,,
,,,,,,,,,,
,,,,,,,,,,
,,,,,,,,,,
,,,,,,,,,,
,,,,,,,,,,
,,,,,,,,,,
,,,,,,,,,,
,,,,,,,,,,
,,,,,,,,,,
,,,,,,,,,,
,,,,,,,,,,
,,,,,,,,,,
,,,,,,,,,,
,,,,,,,,,,
,,,,,,,,,,
,,,,,,,,,,
,,,,,,,,,,
,,,,,,,,,,
,,,,,,,,,,
,,,,,,,,,,
,,,,,,,,,,
,,,,,,,,,,
,,,,,,,,,,
,,,,,,,,,,
,,,,,,,,,,
,,,,,,,,,,
,,,,,,,,,,
,,,,,,,,,,
,,,,,,,,,,
,,,,,,,,,,
,,,,,,,,,,
,,,,,,,,,,
,,,,,,,,,,
,,,,,,,,,,
,,,,,,,,,,
,,,,,,,,,,
,,,,,,,,,,
,,,,,,,,,,
,,,,,,,,,,
,,,,,,,,,,
,,,,,,,,,,
,,,,,,,,,,
,,,,,,,,,,
,,,,,,,,,,
,,,,,,,,,,
,,,,,,,,,,
,,,,,,,,,,
,,,,,,,,,,
,,,,,,,,,,
,,,,,,,,,,
